{
  "formatVersion": 1,
  "database": {
    "version": 1,
    "identityHash": "b5685ec6754baf10f357da6085980042",
    "entities": [
      {
        "tableName": "recipes_details",
        "createSql": "CREATE TABLE IF NOT EXISTS `${TABLE_NAME}` (`id` INTEGER NOT NULL, `title` TEXT NOT NULL, `image` TEXT, `aggregateLikes` INTEGER NOT NULL, `creditsText` TEXT NOT NULL, `ingredients` TEXT NOT NULL, `dishTypes` TEXT NOT NULL, `healthScore` REAL NOT NULL, `instructions` TEXT, `pricePerServing` REAL NOT NULL, `readyInMinutes` INTEGER NOT NULL, `servings` INTEGER NOT NULL, `sourceName` TEXT NOT NULL, `sourceUrl` TEXT NOT NULL, `spoonacularSourceUrl` TEXT NOT NULL, `summary` TEXT NOT NULL, `weightWatcherSmartPoints` INTEGER NOT NULL, PRIMARY KEY(`id`))",
        "fields": [
          {
            "fieldPath": "id",
            "columnName": "id",
            "affinity": "INTEGER",
            "notNull": true
          },
          {
            "fieldPath": "title",
            "columnName": "title",
            "affinity": "TEXT",
            "notNull": true
          },
          {
            "fieldPath": "image",
            "columnName": "image",
            "affinity": "TEXT",
            "notNull": false
          },
          {
            "fieldPath": "aggregateLikes",
            "columnName": "aggregateLikes",
            "affinity": "INTEGER",
            "notNull": true
          },
          {
            "fieldPath": "creditsText",
            "columnName": "creditsText",
            "affinity": "TEXT",
            "notNull": true
          },
          {
            "fieldPath": "ingredients",
            "columnName": "ingredients",
            "affinity": "TEXT",
            "notNull": true
          },
          {
            "fieldPath": "dishTypes",
            "columnName": "dishTypes",
            "affinity": "TEXT",
            "notNull": true
          },
          {
            "fieldPath": "healthScore",
            "columnName": "healthScore",
            "affinity": "REAL",
            "notNull": true
          },
          {
            "fieldPath": "instructions",
            "columnName": "instructions",
            "affinity": "TEXT",
            "notNull": false
          },
          {
            "fieldPath": "pricePerServing",
            "columnName": "pricePerServing",
            "affinity": "REAL",
            "notNull": true
          },
          {
            "fieldPath": "readyInMinutes",
            "columnName": "readyInMinutes",
            "affinity": "INTEGER",
            "notNull": true
          },
          {
            "fieldPath": "servings",
            "columnName": "servings",
            "affinity": "INTEGER",
            "notNull": true
          },
          {
            "fieldPath": "sourceName",
            "columnName": "sourceName",
            "affinity": "TEXT",
            "notNull": true
          },
          {
            "fieldPath": "sourceUrl",
            "columnName": "sourceUrl",
            "affinity": "TEXT",
            "notNull": true
          },
          {
            "fieldPath": "spoonacularSourceUrl",
            "columnName": "spoonacularSourceUrl",
            "affinity": "TEXT",
            "notNull": true
          },
          {
            "fieldPath": "summary",
            "columnName": "summary",
            "affinity": "TEXT",
            "notNull": true
          },
          {
            "fieldPath": "weightWatcherSmartPoints",
            "columnName": "weightWatcherSmartPoints",
            "affinity": "INTEGER",
            "notNull": true
          }
        ],
        "primaryKey": {
          "columnNames": [
            "id"
          ],
          "autoGenerate": false
        },
        "indices": [],
        "foreignKeys": []
      }
    ],
    "views": [],
    "setupQueries": [
      "CREATE TABLE IF NOT EXISTS room_master_table (id INTEGER PRIMARY KEY,identity_hash TEXT)",
      "INSERT OR REPLACE INTO room_master_table (id,identity_hash) VALUES(42, 'b5685ec6754baf10f357da6085980042')"
    ]
  }
}